"finance_month","department_name","revenue","cost","margin","profitability","rank_margin_in_month","running_total_margin","prev_month_margin"
2025-01-01,Электронная коммерция (E-commerce),4541758,3815076,726682,16.00,1,726682,
2025-01-01,Розничные продажи,1505919,1295090,210829,14.00,2,210829,
2025-01-01,Экспорт,14924724,13133757,1790967,12.00,3,1790967,
2025-01-01,Оптовые продажи,8144228,7329805,814423,10.00,4,814423,
2025-02-01,Электронная коммерция (E-commerce),4420455,3713182,707273,16.00,1,1433955,726682
2025-02-01,Розничные продажи,1521970,1308894,213076,14.00,2,423905,210829
2025-02-01,Экспорт,14793611,13018377,1775234,12.00,3,3566201,1790967
2025-02-01,Оптовые продажи,7889918,7100926,788992,10.00,4,1603415,814423
2025-03-01,Электронная коммерция (E-commerce),4413705,3707512,706193,16.00,1,2140148,707273
2025-03-01,Розничные продажи,1528194,1314246,213948,14.00,2,637853,213076
2025-03-01,Экспорт,15060669,13253388,1807281,12.00,3,5373482,1775234
2025-03-01,Оптовые продажи,8066583,7259924,806659,10.00,4,2410074,788992
2025-04-01,Розничные продажи,8293623,5142046,3151577,38.00,1,3789430,213948
2025-04-01,Электронная коммерция (E-commerce),4442728,3731891,710837,16.00,2,2850985,706193
2025-04-01,Экспорт,15199465,13375529,1823936,12.00,3,7197418,1807281
2025-04-01,Оптовые продажи,7907948,7117153,790795,10.00,4,3200869,806659
2025-05-01,Розничные продажи,8329852,5164508,3165344,38.00,1,6954774,3151577
2025-05-01,Электронная коммерция (E-commerce),4487750,3769710,718040,16.00,2,3569025,710837
2025-05-01,Экспорт,14882545,13096639,1785906,12.00,3,8983324,1823936
2025-05-01,Оптовые продажи,8007922,7207129,800793,10.00,4,4001662,790795
2025-06-01,Электронная коммерция (E-commerce),4462586,3748572,714014,16.00,1,4283039,718040
2025-06-01,Розничные продажи,1491981,1283103,208878,14.00,2,7163652,3165344
2025-06-01,Экспорт,9040267,7955434,1084833,12.00,3,10068157,1785906
2025-06-01,Оптовые продажи,7884638,7096174,788464,10.00,4,4790126,800793
2025-07-01,Электронная коммерция (E-commerce),4445941,3734590,711351,16.00,1,4994390,714014
2025-07-01,Розничные продажи,1500854,1290734,210120,14.00,2,7373772,208878
2025-07-01,Экспорт,8984185,7906082,1078103,12.00,3,11146260,1084833
2025-07-01,Оптовые продажи,8091256,7282130,809126,10.00,4,5599252,788464
2025-08-01,Электронная коммерция (E-commerce),4519358,3796260,723098,16.00,1,5717488,711351
2025-08-01,Розничные продажи,1480231,1272998,207233,14.00,2,7581005,210120
2025-08-01,Экспорт,15055448,13248794,1806654,12.00,3,12952914,1078103
2025-08-01,Оптовые продажи,7854864,7069377,785487,10.00,4,6384739,809126
2025-09-01,Электронная коммерция (E-commerce),4583813,3850402,733411,16.00,1,6450899,723098
2025-09-01,Оптовые продажи,8143643,6922096,1221547,15.00,2,7606286,785487
2025-09-01,Розничные продажи,1518503,1305912,212591,14.00,3,7793596,207233
2025-09-01,Экспорт,14739030,12970346,1768684,12.00,4,14721598,1806654
2025-10-01,Розничные продажи,8379891,5195532,3184359,38.00,1,10977955,212591
2025-10-01,Электронная коммерция (E-commerce),4533161,3807855,725306,16.00,2,7176205,733411
2025-10-01,Оптовые продажи,15742510,13381133,2361377,15.00,3,9967663,1221547
2025-10-01,Экспорт,14882768,13096835,1785933,12.00,4,16507531,1768684
2025-11-01,Розничные продажи,8537531,5293269,3244262,38.00,1,14222217,3184359
2025-11-01,Электронная коммерция (E-commerce),9813755,7458453,2355302,24.00,2,9531507,725306
2025-11-01,Оптовые продажи,15996913,13597376,2399537,15.00,3,12367200,2361377
2025-11-01,Экспорт,14773222,13000435,1772787,12.00,4,18280318,1785933
2025-12-01,Электронная коммерция (E-commerce),9924684,7542759,2381925,24.00,1,11913432,2355302
2025-12-01,Оптовые продажи,16104014,13688411,2415603,15.00,2,14782803,2399537
2025-12-01,Розничные продажи,1501204,1291035,210169,14.00,3,14432386,3244262
2025-12-01,Экспорт,22282901,19608952,2673949,12.00,4,20954267,1772787
